"gameId","fixtureId","treatment","treatedSide","agent","ply","side","actionId","source","totalMs","providerMs","nodes","depth","legalCount","changedFromBaseline"
"opening-0001-search-red","opening-0001","search","red","search","7","red","m:10-14","local","5.286042999999999","0","11","1","9","false"
"opening-0001-search-red","opening-0001","search","red","random","8","white","j:17x10","random","0.012008000000001573","","0","0","1",""
"opening-0001-search-red","opening-0001","search","red","search","9","red","j:07x14","local","0.4362640000000013","0","1","1","1","false"
"opening-0001-search-red","opening-0001","search","red","random","10","white","m:23-19","random","0.01471100000000547","","0","0","11",""
"opening-0001-search-red","opening-0001","search","red","search","11","red","m:14-18","local","4.534734","0","21","1","10","false"
"opening-0001-search-red","opening-0001","search","red","random","12","white","j:22x15","random","0.009134000000003084","","0","0","1",""
"opening-0001-search-red","opening-0001","search","red","search","13","red","j:11x18","local","0.42174200000000184","0","1","1","1","false"
"opening-0001-search-red","opening-0001","search","red","random","14","white","m:29-25","random","0.013098999999996863","","0","0","9",""
"opening-0001-search-red","opening-0001","search","red","search","15","red","m:08-11","local","2.517977000000002","0","13","1","10","false"
"opening-0001-search-red","opening-0001","search","red","random","16","white","m:19-15","random","0.010775999999999897","","0","0","8",""
"opening-0001-search-red","opening-0001","search","red","search","17","red","m:09-14","local","2.9673510000000007","0","36","1","12","false"
"opening-0001-search-red","opening-0001","search","red","random","18","white","j:15x08","random","0.010305000000002451","","0","0","1",""
"opening-0001-search-red","opening-0001","search","red","search","19","red","j:04x11","local","0.5681979999999953","0","1","1","1","false"
"opening-0001-search-red","opening-0001","search","red","random","20","white","m:24-19","random","0.03179699999999741","","0","0","7",""
"opening-0001-search-red","opening-0001","search","red","search","21","red","m:05-09","local","3.983741000000002","0","19","1","12","false"
"opening-0001-search-red","opening-0001","search","red","random","22","white","m:19-16","random","0.010986000000002605","","0","0","9",""
"opening-0001-search-red","opening-0001","search","red","search","23","red","j:12x19","local","0.6702889999999968","0","2","1","2","false"
"opening-0001-search-red","opening-0001","search","red","random","24","white","m:27-23","random","0.009574000000000638","","0","0","7",""
"opening-0001-search-red","opening-0001","search","red","search","25","red","j:18x27","local","0.775424000000001","0","12","1","2","false"
"opening-0001-search-red","opening-0001","search","red","random","26","white","j:31x24x15x08","random","0.01254799999999534","","0","0","2",""
"opening-0001-search-red","opening-0001","search","red","search","27","red","j:03x12","local","0.22197699999999543","0","1","1","1","false"
"opening-0001-search-red","opening-0001","search","red","random","28","white","m:25-22","random","0.007131000000001109","","0","0","5",""
"opening-0001-search-red","opening-0001","search","red","search","29","red","m:12-16","local","1.7773540000000025","0","12","1","8","false"
"opening-0001-search-red","opening-0001","search","red","random","30","white","m:21-17","random","0.008172000000001844","","0","0","7",""
"opening-0001-search-red","opening-0001","search","red","search","31","red","j:14x21","local","0.2522029999999944","0","1","1","1","false"
"opening-0001-search-red","opening-0001","search","red","random","32","white","m:22-17","random","0.00664000000000442","","0","0","6",""
"opening-0001-search-red","opening-0001","search","red","search","33","red","m:16-19","local","1.2565649999999948","0","11","1","9","false"
"opening-0001-search-red","opening-0001","search","red","random","34","white","m:30-25","random","0.0034850000000119508","","0","0","6",""
"opening-0001-search-red","opening-0001","search","red","search","35","red","j:21x30","local","0.09173599999999738","0","1","1","1","false"
"opening-0001-search-red","opening-0001","search","red","random","36","white","m:17-13","random","0.0024140000000016926","","0","0","4",""
"opening-0001-search-red","opening-0001","search","red","search","37","red","m:30-25","local","0.6377710000000008","0","28","1","9","false"
"opening-0001-search-red","opening-0001","search","red","random","38","white","j:13x06","random","0.0017130000000094014","","0","0","1",""
"opening-0001-search-red","opening-0001","search","red","search","39","red","j:01x10","local","0.11530000000000484","0","2","1","2","false"
"opening-0001-search-red","opening-0001","search","red","random","40","white","m:32-27","random","0.0020630000000068094","","0","0","2",""
"opening-0001-search-red","opening-0001","search","red","search","41","red","m:25-22","local","0.8125189999999947","0","13","1","10","false"
"opening-0001-search-red","opening-0001","search","red","random","42","white","m:27-23","random","0.00296400000000574","","0","0","3",""
"opening-0001-search-red","opening-0001","search","red","search","43","red","j:19x26","local","0.06985300000000905","0","1","1","1","false"
"opening-0001-search-red","opening-0001","search","red","random","44","white","m:28-24","random","0.0020530000000036353","","0","0","1",""
"opening-0001-search-red","opening-0001","search","red","search","45","red","m:26-30","local","0.4618520000000075","0","9","1","9","false"
"opening-0001-search-red","opening-0001","search","red","random","46","white","m:24-19","random","0.001983000000009838","","0","0","2",""
"opening-0001-search-red","opening-0001","search","red","search","47","red","m:10-14","local","0.48729000000000156","0","11","1","10","false"
"opening-0001-search-red","opening-0001","search","red","random","48","white","m:19-15","random","0.0021729999999990923","","0","0","2",""
"opening-0001-search-red","opening-0001","search","red","search","49","red","m:02-06","local","0.7264419999999916","0","10","1","10","false"
"opening-0001-search-red","opening-0001","search","red","random","50","white","m:15-11","random","0.002673999999998955","","0","0","2",""
"opening-0001-search-red","opening-0001","search","red","search","51","red","m:06-10","local","0.43885700000001293","0","10","1","10","false"
"opening-0001-search-red","opening-0001","search","red","random","52","white","m:11-07","random","0.0022840000000030614","","0","0","2",""
"opening-0001-search-red","opening-0001","search","red","search","53","red","m:10-15","local","0.4058700000000073","0","9","1","9","false"
"opening-0001-search-red","opening-0001","search","red","random","54","white","m:07-02","random","0.0021729999999990923","","0","0","2",""
"opening-0001-search-red","opening-0001","search","red","search","55","red","m:15-19","local","0.5719739999999973","0","10","1","10","false"
"opening-0001-search-red","opening-0001","search","red","random","56","white","m:02-06","random","0.0023630000000025575","","0","0","2",""
"opening-0001-search-red","opening-0001","search","red","search","57","red","m:19-23","local","0.6324240000000003","0","10","1","10","false"
"opening-0001-search-red","opening-0001","search","red","random","58","white","m:06-10","random","0.0027540000000101372","","0","0","4",""
"opening-0001-search-red","opening-0001","search","red","search","59","red","m:23-26","local","0.5105640000000022","0","20","1","10","false"
"opening-0001-search-red","opening-0001","search","red","random","60","white","j:10x17","random","0.0020130000000051496","","0","0","1",""
"opening-0001-search-red","opening-0001","search","red","search","61","red","j:22x13","local","0.05438999999999794","0","1","1","1","false"
"opening-0001-search-white","opening-0001","search","white","random","7","red","m:10-14","random","0.005608000000009383","","0","0","9",""
"opening-0001-search-white","opening-0001","search","white","search","8","white","j:17x10","local","0.07386899999998775","0","2","1","1","false"
"opening-0001-search-white","opening-0001","search","white","random","9","red","j:07x14","random","0.00186300000000017","","0","0","1",""
"opening-0001-search-white","opening-0001","search","white","search","10","white","m:23-18","local","1.3366729999999905","0","14","1","11","false"
"opening-0001-search-white","opening-0001","search","white","random","11","red","j:14x23","random","0.002463000000005877","","0","0","1",""
"opening-0001-search-white","opening-0001","search","white","search","12","white","j:27x18","local","0.1325259999999986","0","1","1","1","false"
"opening-0001-search-white","opening-0001","search","white","random","13","red","m:09-14","random","0.003774999999990314","","0","0","9",""
"opening-0001-search-white","opening-0001","search","white","search","14","white","j:18x09","local","0.06407400000000507","0","2","1","1","false"
"opening-0001-search-white","opening-0001","search","white","random","15","red","j:05x14","random","0.001702000000008752","","0","0","1",""
"opening-0001-search-white","opening-0001","search","white","search","16","white","m:24-19","local","1.2751030000000014","0","13","1","11","false"
"opening-0001-search-white","opening-0001","search","white","random","17","red","m:03-07","random","0.003916000000003805","","0","0","10",""
"opening-0001-search-white","opening-0001","search","white","search","18","white","m:28-24","local","1.3730869999999982","0","18","1","12","false"
"opening-0001-search-white","opening-0001","search","white","random","19","red","m:12-16","random","0.0036850000000043792","","0","0","9",""
"opening-0001-search-white","opening-0001","search","white","search","20","white","j:19x12x03","local","0.11679200000000378","0","1","1","1","false"
"opening-0001-search-white","opening-0001","search","white","random","21","red","m:01-06","random","0.002794000000008623","","0","0","9",""
"opening-0001-search-white","opening-0001","search","white","search","22","white","j:03x10x17","local","0.17152299999999343","0","2","1","2","false"
"opening-0001-search-white","opening-0001","search","white","random","23","red","m:11-16","random","0.0023939999999953443","","0","0","6",""
"opening-0001-search-white","opening-0001","search","white","search","24","white","m:17-14","local","1.0231799999999964","0","13","1","12","false"
"opening-0001-search-white","opening-0001","search","white","random","25","red","m:06-09","random","0.0034150000000039427","","0","0","6",""
"opening-0001-search-white","opening-0001","search","white","search","26","white","j:14x05","local","0.0932070000000067","0","1","1","1","false"
"opening-0001-search-white","opening-0001","search","white","random","27","red","m:16-20","random","0.002203999999991879","","0","0","5",""
"opening-0001-search-white","opening-0001","search","white","search","28","white","m:05-09","local","0.7309190000000001","0","41","1","13","false"
"opening-0001-search-white","opening-0001","search","white","random","29","red","j:20x27","random","0.0016719999999992297","","0","0","1",""
"opening-0001-search-white","opening-0001","search","white","search","30","white","j:32x23","local","0.1069180000000074","0","2","1","2","false"
"opening-0001-search-white","opening-0001","search","white","random","31","red","m:02-06","random","0.001702000000008752","","0","0","3",""
"opening-0001-search-white","opening-0001","search","white","search","32","white","j:09x02","local","0.04085999999999501","0","1","1","1","false"
"opening-0001-search-white","opening-0001","search","white","random","33","red","m:04-08","random","0.0013419999999939591","","0","0","1",""
"opening-0001-search-white","opening-0001","search","white","search","34","white","m:02-06","local","0.7421360000000021","0","12","1","12","false"
"opening-0001-search-white","opening-0001","search","white","random","35","red","m:08-11","random","0.002144000000001256","","0","0","2",""
"opening-0001-search-white","opening-0001","search","white","search","36","white","m:06-10","local","0.6205659999999966","0","14","1","14","false"
"opening-0001-search-white","opening-0001","search","white","random","37","red","m:11-16","random","0.0023939999999953443","","0","0","2",""
"opening-0001-search-white","opening-0001","search","white","search","38","white","m:21-17","local","0.7642179999999996","0","15","1","14","false"
"opening-0001-search-white","opening-0001","search","white","random","39","red","m:16-19","random","0.0023729999999915208","","0","0","2",""
"opening-0001-search-white","opening-0001","search","white","search","40","white","j:23x16","local","0.037535000000005425","0","1","1","1","false"
"opening-0002-search-red","opening-0002","search","red","search","9","red","m:06-10","local","0.6745359999999891","0","14","1","9","false"
"opening-0002-search-red","opening-0002","search","red","random","10","white","m:26-22","random","0.0032350000000036516","","0","0","7",""
"opening-0002-search-red","opening-0002","search","red","search","11","red","m:05-09","local","1.0411169999999998","0","18","1","10","false"
"opening-0002-search-red","opening-0002","search","red","random","12","white","m:23-19","random","0.003505000000004088","","0","0","9",""
"opening-0002-search-red","opening-0002","search","red","search","13","red","j:15x24","local","0.06666900000000453","0","2","1","1","false"
"opening-0002-search-red","opening-0002","search","red","random","14","white","j:28x19","random","0.0014419999999972788","","0","0","1",""
"opening-0002-search-red","opening-0002","search","red","search","15","red","m:11-16","local","1.2354540000000043","0","17","1","12","false"
"opening-0002-search-red","opening-0002","search","red","random","16","white","j:20x11","random","0.0023529999999993834","","0","0","1",""
"opening-0002-search-red","opening-0002","search","red","search","17","red","j:08x15x24","local","0.06574700000000178","0","2","1","1","false"
"opening-0002-search-red","opening-0002","search","red","random","18","white","j:27x20","random","0.0014730000000042764","","0","0","1",""
"opening-0002-search-red","opening-0002","search","red","search","19","red","m:09-14","local","0.8788479999999907","0","13","1","12","false"
"opening-0002-search-red","opening-0002","search","red","random","20","white","m:30-26","random","0.002724000000000615","","0","0","8",""
"opening-0002-search-red","opening-0002","search","red","search","21","red","j:21x30","local","0.08965299999999843","0","1","1","1","false"
"opening-0002-search-red","opening-0002","search","red","random","22","white","m:22-18","random","0.0025830000000013342","","0","0","8",""
"opening-0002-search-red","opening-0002","search","red","search","23","red","j:30x23","local","0.2636589999999899","0","4","1","2","false"
"opening-0002-search-red","opening-0002","search","red","random","24","white","j:18x09","random","0.0019020000000011805","","0","0","1",""
"opening-0002-search-red","opening-0002","search","red","search","25","red","m:10-14","local","0.927108000000004","0","19","1","14","false"
"opening-0002-search-red","opening-0002","search","red","random","26","white","m:09-06","random","0.003104000000007545","","0","0","8",""
"opening-0002-search-red","opening-0002","search","red","search","27","red","j:01x10","local","0.1378440000000012","0","2","1","2","false"
"opening-0002-search-red","opening-0002","search","red","random","28","white","m:20-16","random","0.0022440000000045757","","0","0","6",""
"opening-0002-search-red","opening-0002","search","red","search","29","red","j:12x19","local","0.06398400000000493","0","1","1","1","false"
"opening-0002-search-red","opening-0002","search","red","random","30","white","m:32-27","random","0.0019520000000028404","","0","0","5",""
"opening-0002-search-red","opening-0002","search","red","search","31","red","j:23x32","local","0.19950400000000457","0","1","1","1","false"
"opening-0002-search-red","opening-0002","search","red","random","32","white","m:31-26","random","0.0021239999999949077","","0","0","3",""
"opening-0002-search-red","opening-0002","search","red","search","33","red","m:32-27","local","0.5397569999999945","0","13","1","12","false"
"opening-0002-search-red","opening-0002","search","red","random","34","white","m:29-25","random","0.0020630000000068094","","0","0","3",""
"opening-0002-search-red","opening-0002","search","red","search","35","red","m:14-18","local","0.9174539999999922","0","15","1","14","false"
"opening-0002-search-red","opening-0002","search","red","random","36","white","m:26-23","random","0.003024000000010574","","0","0","4",""
"opening-0002-search-red","opening-0002","search","red","search","37","red","j:19x26","local","0.06114999999999782","0","1","1","1","false"
"opening-0002-search-red","opening-0002","search","red","random","38","white","m:25-21","random","0.0016930000000030532","","0","0","2",""
"opening-0002-search-red","opening-0002","search","red","search","39","red","m:26-30","local","0.4862979999999908","0","15","1","15","false"
"opening-0002-search-red","opening-0002","search","red","random","40","white","m:21-17","random","0.0017429999999905021","","0","0","1",""
"opening-0002-search-red","opening-0002","search","red","search","41","red","m:30-25","local","0.574027000000001","0","16","1","15","false"
"opening-0002-search-red","opening-0002","search","red","random","42","white","m:17-13","random","0.001751999999996201","","0","0","2",""
"opening-0002-search-red","opening-0002","search","red","search","43","red","m:04-08","local","0.7059019999999947","0","17","1","17","false"
"opening-0002-search-red","opening-0002","search","red","random","44","white","m:13-09","random","0.0023429999999962092","","0","0","1",""
"opening-0002-search-red","opening-0002","search","red","search","45","red","m:08-11","local","0.6476260000000025","0","18","1","17","false"
"opening-0002-search-red","opening-0002","search","red","random","46","white","m:09-06","random","0.004205999999996379","","0","0","2",""
"opening-0002-search-red","opening-0002","search","red","search","47","red","j:02x09","local","0.02627800000000491","0","1","1","1","false"
"opening-0002-search-white","opening-0002","search","white","random","9","red","m:11-16","random","0.004746999999994728","","0","0","9",""
"opening-0002-search-white","opening-0002","search","white","search","10","white","j:20x11","local","0.09594199999999375","0","1","1","1","false"
"opening-0002-search-white","opening-0002","search","white","random","11","red","m:06-10","random","0.002904000000000906","","0","0","8",""
"opening-0002-search-white","opening-0002","search","white","search","12","white","m:26-22","local","0.8364750000000072","0","20","1","7","false"
"opening-0002-search-white","opening-0002","search","white","random","13","red","m:12-16","random","0.003675000000001205","","0","0","9",""
"opening-0002-search-white","opening-0002","search","white","search","14","white","m:27-24","local","0.9077999999999946","0","22","1","9","false"
"opening-0002-search-white","opening-0002","search","white","random","15","red","m:03-07","random","0.004075999999997748","","0","0","11",""
"opening-0002-search-white","opening-0002","search","white","search","16","white","m:24-19","local","0.6683869999999956","0","18","1","10","false"
"opening-0002-search-white","opening-0002","search","white","random","17","red","j:15x24","random","0.0016119999999943957","","0","0","1",""
"opening-0002-search-white","opening-0002","search","white","search","18","white","j:28x19x12x03","local","0.07513099999999895","0","2","1","1","false"
"opening-0002-search-white","opening-0002","search","white","random","19","red","j:07x16","random","0.0014619999999894162","","0","0","1",""
"opening-0002-search-white","opening-0002","search","white","search","20","white","m:22-18","local","1.0600949999999898","0","15","1","11","false"
"opening-0002-search-white","opening-0002","search","white","random","21","red","m:10-15","random","0.0034649999999913916","","0","0","9",""
"opening-0002-search-white","opening-0002","search","white","search","22","white","j:18x11","local","0.09189600000000553","0","1","1","1","false"
"opening-0002-search-white","opening-0002","search","white","random","23","red","m:16-19","random","0.0026340000000004693","","0","0","7",""
"opening-0002-search-white","opening-0002","search","white","search","24","white","j:23x16","local","0.06978300000000104","0","1","1","1","false"
"opening-0002-search-white","opening-0002","search","white","random","25","red","m:04-08","random","0.002043000000000461","","0","0","5",""
"opening-0002-search-white","opening-0002","search","white","search","26","white","j:11x04","local","0.10860999999999876","0","2","1","2","false"
"opening-0002-search-white","opening-0002","search","white","random","27","red","m:01-06","random","0.0020130000000051496","","0","0","4",""
"opening-0002-search-white","opening-0002","search","white","search","28","white","m:25-22","local","0.8177570000000003","0","13","1","11","false"
"opening-0002-search-white","opening-0002","search","white","random","29","red","m:05-09","random","0.005188000000003967","","0","0","5",""
"opening-0002-search-white","opening-0002","search","white","search","30","white","m:16-11","local","1.3629620000000102","0","16","1","14","false"
"opening-0002-search-white","opening-0002","search","white","random","31","red","m:06-10","random","0.004417000000003668","","0","0","5",""
"opening-0002-search-white","opening-0002","search","white","search","32","white","m:22-18","local","1.7637530000000083","0","16","1","14","false"
"opening-0002-search-white","opening-0002","search","white","random","33","red","m:10-14","random","0.005337999999994736","","0","0","7",""
"opening-0002-search-white","opening-0002","search","white","search","34","white","m:31-26","local","1.2583369999999974","0","29","1","13","false"
"opening-0002-search-white","opening-0002","search","white","random","35","red","j:14x23","random","0.00319399999999348","","0","0","1",""
"opening-0002-search-white","opening-0002","search","white","search","36","white","j:26x19","local","0.11575100000000305","0","1","1","1","false"
"opening-0002-search-white","opening-0002","search","white","random","37","red","m:02-07","random","0.0037360000000035143","","0","0","5",""
"opening-0002-search-white","opening-0002","search","white","search","38","white","j:11x02","local","0.16520399999998858","0","2","1","2","false"
"opening-0002-search-white","opening-0002","search","white","random","39","red","m:09-14","random","0.003154000000009205","","0","0","3",""
"opening-0002-search-white","opening-0002","search","white","search","40","white","m:02-06","local","0.844136000000006","0","13","1","12","false"
"opening-0002-search-white","opening-0002","search","white","random","41","red","m:14-18","random","0.003645999999989158","","0","0","3",""
"opening-0002-search-white","opening-0002","search","white","search","42","white","m:03-07","local","1.2692940000000021","0","15","1","14","false"
"opening-0002-search-white","opening-0002","search","white","random","43","red","m:21-25","random","0.003885999999994283","","0","0","3",""
"opening-0002-search-white","opening-0002","search","white","search","44","white","j:29x22x15","local","0.1112240000000071","0","2","1","2","false"
"opening-0003-search-red","opening-0003","search","red","search","11","red","m:11-15","local","1.1217160000000064","0","20","1","8","false"
"opening-0003-search-red","opening-0003","search","red","random","12","white","j:19x10","random","0.004305999999999699","","0","0","2",""
"opening-0003-search-red","opening-0003","search","red","search","13","red","j:06x15","local","0.2897570000000087","0","5","1","2","false"
"opening-0003-search-red","opening-0003","search","red","random","14","white","j:18x11","random","0.003385000000008631","","0","0","1",""
"opening-0003-search-red","opening-0003","search","red","search","15","red","j:08x15","local","0.527419000000009","0","2","1","2","false"
"opening-0003-search-red","opening-0003","search","red","random","16","white","m:23-19","random","0.003916000000003805","","0","0","8",""
"opening-0003-search-red","opening-0003","search","red","search","17","red","j:15x24x31","local","0.08637699999999882","0","1","1","1","false"
"opening-0003-search-red","opening-0003","search","red","random","18","white","m:32-27","random","0.0025239999999939755","","0","0","6",""
"opening-0003-search-red","opening-0003","search","red","search","19","red","j:31x24","local","0.04876199999999642","0","2","1","1","false"
"opening-0003-search-red","opening-0003","search","red","random","20","white","j:28x19","random","0.0011919999999889797","","0","0","1",""
"opening-0003-search-red","opening-0003","search","red","search","21","red","m:07-10","local","0.5757000000000119","0","11","1","10","false"
"opening-0003-search-red","opening-0003","search","red","random","22","white","m:19-16","random","0.0027039999999942665","","0","0","6",""
"opening-0003-search-red","opening-0003","search","red","search","23","red","j:12x19","local","0.06533699999999953","0","1","1","1","false"
"opening-0003-search-red","opening-0003","search","red","random","24","white","m:22-18","random","0.0020230000000083237","","0","0","4",""
"opening-0003-search-red","opening-0003","search","red","search","25","red","m:04-08","local","0.7948829999999987","0","15","1","13","false"
"opening-0003-search-red","opening-0003","search","red","random","26","white","m:25-21","random","0.002504000000001838","","0","0","5",""
"opening-0003-search-red","opening-0003","search","red","search","27","red","m:08-11","local","0.9272090000000048","0","15","1","13","false"
"opening-0003-search-red","opening-0003","search","red","random","28","white","m:18-14","random","0.0035850000000010596","","0","0","6",""
"opening-0003-search-red","opening-0003","search","red","search","29","red","j:09x18","local","0.1104530000000068","0","3","1","2","false"
"opening-0003-search-red","opening-0003","search","red","random","30","white","m:30-26","random","0.002223000000000752","","0","0","4",""
"opening-0003-search-red","opening-0003","search","red","search","31","red","m:01-05","local","0.604883000000001","0","16","1","14","false"
"opening-0003-search-red","opening-0003","search","red","random","32","white","m:21-17","random","0.0021229999999974325","","0","0","4",""
"opening-0003-search-red","opening-0003","search","red","search","33","red","m:05-09","local","0.6968689999999924","0","15","1","13","false"
"opening-0003-search-red","opening-0003","search","red","random","34","white","m:29-25","random","0.002554000000003498","","0","0","5",""
"opening-0003-search-red","opening-0003","search","red","search","35","red","m:03-08","local","0.666483999999997","0","17","1","14","false"
"opening-0003-search-red","opening-0003","search","red","random","36","white","m:25-21","random","0.0023439999999936845","","0","0","6",""
"opening-0003-search-red","opening-0003","search","red","search","37","red","m:08-12","local","0.7189510000000041","0","15","1","13","false"
"opening-0003-search-red","opening-0003","search","red","random","38","white","m:17-13","random","0.0027740000000022746","","0","0","4",""
"opening-0003-search-red","opening-0003","search","red","search","39","red","m:12-16","local","0.5699709999999953","0","38","1","12","false"
"opening-0003-search-red","opening-0003","search","red","random","40","white","j:13x06","random","0.002382999999994695","","0","0","1",""
"opening-0003-search-red","opening-0003","search","red","search","41","red","j:02x09","local","0.1102730000000065","0","1","1","1","false"
"opening-0003-search-red","opening-0003","search","red","random","42","white","m:26-22","random","0.0021430000000037808","","0","0","3",""
"opening-0003-search-red","opening-0003","search","red","search","43","red","j:18x25","local","0.03707500000000152","0","1","1","1","false"
"opening-0003-search-red","opening-0003","search","red","random","44","white","m:21-17","random","0.0013419999999939591","","0","0","1",""
"opening-0003-search-red","opening-0003","search","red","search","45","red","m:25-30","local","0.29179100000000346","0","11","1","10","false"
"opening-0003-search-red","opening-0003","search","red","random","46","white","m:17-13","random","0.0016030000000029077","","0","0","2",""
"opening-0003-search-red","opening-0003","search","red","search","47","red","m:09-14","local","0.4588069999999931","0","17","1","9","false"
"opening-0003-search-red","opening-0003","search","red","random","48","white","m:13-09","random","0.0019330000000081782","","0","0","1",""
"opening-0003-search-red","opening-0003","search","red","search","49","red","m:30-25","local","0.3398119999999949","0","9","1","9","false"
"opening-0003-search-red","opening-0003","search","red","random","50","white","m:09-06","random","0.001983000000009838","","0","0","2",""
"opening-0003-search-red","opening-0003","search","red","search","51","red","m:14-18","local","0.3533620000000042","0","11","1","11","false"
"opening-0003-search-red","opening-0003","search","red","random","52","white","m:06-01","random","0.001813000000012721","","0","0","2",""
"opening-0003-search-red","opening-0003","search","red","search","53","red","m:16-20","local","0.5703519999999997","0","12","1","12","false"
"opening-0003-search-red","opening-0003","search","red","random","54","white","m:01-05","random","0.002043000000000461","","0","0","2",""
"opening-0003-search-red","opening-0003","search","red","search","55","red","m:20-24","local","0.4202810000000028","0","13","1","13","false"
"opening-0003-search-red","opening-0003","search","red","random","56","white","m:05-01","random","0.001632000000000744","","0","0","2",""
"opening-0003-search-red","opening-0003","search","red","search","57","red","m:24-27","local","0.6030599999999993","0","13","1","13","false"
"opening-0003-search-red","opening-0003","search","red","random","58","white","m:01-06","random","0.0033350000000069713","","0","0","2",""
"opening-0003-search-red","opening-0003","search","red","search","59","red","m:10-14","local","0.8772950000000037","0","41","1","14","false"
"opening-0003-search-red","opening-0003","search","red","random","60","white","m:06-10","random","0.0025039999999876272","","0","0","4",""
"opening-0003-search-red","opening-0003","search","red","search","61","red","m:25-21","local","0.5840819999999951","0","26","1","13","false"
"opening-0003-search-red","opening-0003","search","red","random","62","white","j:10x17","random","0.001563000000004422","","0","0","1",""
"opening-0003-search-red","opening-0003","search","red","search","63","red","j:21x14","local","0.025887999999994804","0","1","1","1","false"
"opening-0003-search-white","opening-0003","search","white","random","11","red","m:09-14","random","0.005177000000003318","","0","0","8",""
"opening-0003-search-white","opening-0003","search","white","search","12","white","j:18x09","local","0.06250200000000916","0","2","1","1","false"
"opening-0003-search-white","opening-0003","search","white","random","13","red","j:06x13","random","0.0016130000000060818","","0","0","1",""
"opening-0003-search-white","opening-0003","search","white","search","14","white","m:22-17","local","0.6328140000000104","0","17","1","9","false"
"opening-0003-search-white","opening-0003","search","white","random","15","red","j:13x22","random","0.0019429999999971415","","0","0","1",""
"opening-0003-search-white","opening-0003","search","white","search","16","white","j:25x18","local","0.07744399999999985","0","1","1","1","false"
"opening-0003-search-white","opening-0003","search","white","random","17","red","m:01-05","random","0.002463000000005877","","0","0","7",""
"opening-0003-search-white","opening-0003","search","white","search","18","white","m:18-14","local","0.9074000000000098","0","14","1","9","false"
"opening-0003-search-white","opening-0003","search","white","random","19","red","m:02-06","random","0.0035950000000042337","","0","0","6",""
"opening-0003-search-white","opening-0003","search","white","search","20","white","m:23-18","local","0.6476459999999946","0","18","1","10","false"
"opening-0003-search-white","opening-0003","search","white","random","21","red","m:05-09","random","0.0027040000000084774","","0","0","7",""
"opening-0003-search-white","opening-0003","search","white","search","22","white","j:14x05","local","0.07160600000000272","0","1","1","1","false"
"opening-0003-search-white","opening-0003","search","white","random","23","red","m:12-16","random","0.0045070000000038135","","0","0","6",""
"opening-0003-search-white","opening-0003","search","white","search","24","white","j:19x12","local","0.08811000000000035","0","1","1","1","false"
"opening-0003-search-white","opening-0003","search","white","random","25","red","m:06-10","random","0.003253999999998314","","0","0","5",""
"opening-0003-search-white","opening-0003","search","white","search","26","white","m:05-01","local","0.7194319999999976","0","12","1","9","false"
"opening-0003-search-white","opening-0003","search","white","random","27","red","m:11-15","random","0.004386999999994146","","0","0","4",""
"opening-0003-search-white","opening-0003","search","white","search","28","white","j:18x11x02","local","0.09271699999999328","0","1","1","1","false"
"opening-0003-search-white","opening-0003","search","white","random","29","red","m:10-15","random","0.003304999999983238","","0","0","4",""
"opening-0003-search-white","opening-0003","search","white","search","30","white","m:27-23","local","0.8094440000000134","0","12","1","10","false"
"opening-0003-search-white","opening-0003","search","white","random","31","red","m:15-18","random","0.003715999999997166","","0","0","4",""
"opening-0003-search-white","opening-0003","search","white","search","32","white","j:23x14","local","0.07011399999998957","0","1","1","1","false"
"opening-0003-search-white","opening-0003","search","white","random","33","red","m:08-11","random","0.0026839999999879183","","0","0","2",""
"opening-0003-search-white","opening-0003","search","white","search","34","white","m:28-24","local","0.9294720000000041","0","14","1","12","false"
"opening-0003-search-white","opening-0003","search","white","random","35","red","m:03-08","random","0.0025840000000130203","","0","0","5",""
"opening-0003-search-white","opening-0003","search","white","search","36","white","j:12x03","local","0.0625919999999951","0","1","1","1","false"
"opening-0003-search-white","opening-0003","search","white","random","37","red","m:11-16","random","0.0019330000000081782","","0","0","3",""
"opening-0003-search-white","opening-0003","search","white","search","38","white","m:14-10","local","0.638812999999999","0","17","1","15","false"
"opening-0003-search-white","opening-0003","search","white","random","39","red","m:04-08","random","0.0030639999999948486","","0","0","3",""
"opening-0003-search-white","opening-0003","search","white","search","40","white","j:03x12x19","local","0.034070000000014034","0","1","1","1","false"
"opening-0004-search-red","opening-0004","search","red","search","13","red","m:10-15","local","0.8288139999999942","0","16","1","6","false"
"opening-0004-search-red","opening-0004","search","red","random","14","white","j:19x10","random","0.0035750000000120963","","0","0","1",""
"opening-0004-search-red","opening-0004","search","red","search","15","red","j:06x15","local","0.1456850000000145","0","1","1","1","false"
"opening-0004-search-red","opening-0004","search","red","random","16","white","m:27-24","random","0.004606999999992922","","0","0","9",""
"opening-0004-search-red","opening-0004","search","red","search","17","red","m:08-11","local","1.122146999999984","0","15","1","9","false"
"opening-0004-search-red","opening-0004","search","red","random","18","white","m:32-28","random","0.003906000000000631","","0","0","11",""
"opening-0004-search-red","opening-0004","search","red","search","19","red","m:07-10","local","0.6411259999999857","0","20","1","10","false"
"opening-0004-search-red","opening-0004","search","red","random","20","white","m:30-26","random","0.0031740000000013424","","0","0","9",""
"opening-0004-search-red","opening-0004","search","red","search","21","red","m:09-13","local","0.6141770000000122","0","23","1","10","false"
"opening-0004-search-red","opening-0004","search","red","random","22","white","m:12-08","random","0.0032939999999825886","","0","0","8",""
"opening-0004-search-red","opening-0004","search","red","search","23","red","j:03x12","local","0.07258699999999862","0","1","1","1","false"
"opening-0004-search-red","opening-0004","search","red","random","24","white","m:20-16","random","0.002512999999993326","","0","0","7",""
"opening-0004-search-red","opening-0004","search","red","search","25","red","j:12x19","local","0.09994700000001444","0","3","1","2","false"
"opening-0004-search-red","opening-0004","search","red","random","26","white","m:24-20","random","0.002343000000024631","","0","0","6",""
"opening-0004-search-red","opening-0004","search","red","search","27","red","m:01-06","local","0.7817739999999844","0","22","1","10","false"
"opening-0004-search-red","opening-0004","search","red","random","28","white","m:20-16","random","0.004026000000010299","","0","0","7",""
"opening-0004-search-red","opening-0004","search","red","search","29","red","j:11x20","local","0.07978800000000774","0","1","1","1","false"
"opening-0004-search-red","opening-0004","search","red","random","30","white","m:31-27","random","0.0025039999999876272","","0","0","6",""
"opening-0004-search-red","opening-0004","search","red","search","31","red","m:19-24","local","0.49474100000000476","0","20","1","10","false"
"opening-0004-search-red","opening-0004","search","red","random","32","white","j:28x19","random","0.0015420000000005984","","0","0","1",""
"opening-0004-search-red","opening-0004","search","red","search","33","red","j:15x24x31","local","0.052828000000005204","0","1","1","1","false"
"opening-0004-search-red","opening-0004","search","red","random","34","white","m:22-18","random","0.0019220000000075288","","0","0","4",""
"opening-0004-search-red","opening-0004","search","red","search","35","red","j:14x23x30","local","0.07779500000000894","0","2","1","2","false"
"opening-0004-search-red","opening-0004","search","red","random","36","white","m:21-17","random","0.0015620000000069467","","0","0","2",""
"opening-0004-search-red","opening-0004","search","red","search","37","red","j:30x21x14","local","0.06810100000001285","0","3","1","2","false"
"opening-0004-search-red","opening-0004","search","red","random","38","white","m:29-25","random","0.0012609999999995125","","0","0","1",""
"opening-0004-search-red","opening-0004","search","red","search","39","red","m:10-15","local","0.3926800000000128","0","11","1","11","false"
"opening-0004-search-red","opening-0004","search","red","random","40","white","m:25-21","random","0.0016820000000166146","","0","0","2",""
"opening-0004-search-red","opening-0004","search","red","search","41","red","m:13-17","local","0.3517999999999972","0","15","1","14","false"
"opening-0004-search-white","opening-0004","search","white","random","13","red","m:10-15","random","0.004547000000002299","","0","0","6",""
"opening-0004-search-white","opening-0004","search","white","search","14","white","j:19x10","local","0.060609999999996944","0","2","1","1","false"
"opening-0004-search-white","opening-0004","search","white","random","15","red","j:06x15","random","0.001612999999991871","","0","0","1",""
"opening-0004-search-white","opening-0004","search","white","search","16","white","m:22-18","local","0.9074200000000019","0","16","1","9","false"
"opening-0004-search-white","opening-0004","search","white","random","17","red","j:15x22","random","0.0028049999999950614","","0","0","2",""
"opening-0004-search-white","opening-0004","search","white","search","18","white","j:25x18","local","0.06003899999998907","0","3","1","1","false"
"opening-0004-search-white","opening-0004","search","white","random","19","red","j:14x23","random","0.0014219999999909305","","0","0","1",""
"opening-0004-search-white","opening-0004","search","white","search","20","white","j:27x18","local","0.13349700000000553","0","1","1","1","false"
"opening-0004-search-white","opening-0004","search","white","random","21","red","m:09-13","random","0.0024540000000001783","","0","0","6",""
"opening-0004-search-white","opening-0004","search","white","search","22","white","m:18-14","local","0.6079670000000021","0","12","1","11","false"
"opening-0004-search-white","opening-0004","search","white","random","23","red","m:08-11","random","0.002583000000015545","","0","0","6",""
"opening-0004-search-white","opening-0004","search","white","search","24","white","m:29-25","local","0.7438180000000045","0","17","1","12","false"
"opening-0004-search-white","opening-0004","search","white","random","25","red","m:13-17","random","0.0033449999999959346","","0","0","8",""
"opening-0004-search-white","opening-0004","search","white","search","26","white","m:25-22","local","0.6556580000000167","0","17","1","10","false"
"opening-0004-search-white","opening-0004","search","white","random","27","red","j:17x26","random","0.0016430000000013933","","0","0","1",""
"opening-0004-search-white","opening-0004","search","white","search","28","white","j:30x23","local","0.4639150000000143","0","2","1","2","false"
"opening-0004-search-white","opening-0004","search","white","random","29","red","m:05-09","random","0.0028850000000204545","","0","0","7",""
"opening-0004-search-white","opening-0004","search","white","search","30","white","j:14x05","local","0.07453000000000998","0","1","1","1","false"
"opening-0004-search-white","opening-0004","search","white","random","31","red","m:11-15","random","0.0021830000000022665","","0","0","6",""
"opening-0004-search-white","opening-0004","search","white","search","32","white","m:21-17","local","0.536342000000019","0","13","1","9","false"
"opening-0004-search-white","opening-0004","search","white","random","33","red","m:15-19","random","0.002512999999993326","","0","0","7",""
"opening-0004-search-white","opening-0004","search","white","search","34","white","j:23x16","local","0.06120999999998844","0","1","1","1","false"
"opening-0004-search-white","opening-0004","search","white","random","35","red","m:01-06","random","0.0021930000000054406","","0","0","5",""
"opening-0004-search-white","opening-0004","search","white","search","36","white","m:16-11","local","0.459227999999996","0","13","1","9","false"
"opening-0004-search-white","opening-0004","search","white","random","37","red","j:07x16","random","0.0012519999999938136","","0","0","1",""
"opening-0004-search-white","opening-0004","search","white","search","38","white","j:20x11","local","0.05425099999999361","0","1","1","1","false"
"opening-0004-search-white","opening-0004","search","white","random","39","red","m:03-07","random","0.0024540000000001783","","0","0","5",""
"opening-0004-search-white","opening-0004","search","white","search","40","white","j:11x02","local","0.04361399999999094","0","1","1","1","false"
"opening-0004-search-white","opening-0004","search","white","random","41","red","m:06-10","random","0.0017019999999945412","","0","0","3",""
"opening-0004-search-white","opening-0004","search","white","search","42","white","m:05-01","local","0.34238600000000474","0","12","1","10","false"
"opening-0004-search-white","opening-0004","search","white","random","43","red","m:10-14","random","0.001762000000013586","","0","0","3",""
"opening-0004-search-white","opening-0004","search","white","search","44","white","j:17x10","local","0.03326899999999","0","1","1","1","false"
"opening-0004-search-white","opening-0004","search","white","random","45","red","m:04-08","random","0.0012620000000254095","","0","0","1",""
"opening-0004-search-white","opening-0004","search","white","search","46","white","j:12x03","local","0.017304999999993242","0","1","1","1","false"
